,Aglais_io,Danaus_plexippus,Dione_vanillae,Limenitis_arthemis,Papilio_glaucus,Papilio_polyxenes,Pararge_aegeria,Pieris_rapae,Vanessa_atalanta,Vanessa_cardui
Aglais_io,22,0,0,1,2,2,0,0,3,0
Danaus_plexippus,0,9,0,1,11,8,0,0,1,0
Dione_vanillae,4,2,15,0,0,4,0,0,3,2
Limenitis_arthemis,0,0,0,18,4,7,0,0,1,0
Papilio_glaucus,0,0,0,0,23,2,0,0,5,0
Papilio_polyxenes,0,0,0,0,4,24,0,0,1,1
Pararge_aegeria,1,0,0,1,7,1,20,0,0,0
Pieris_rapae,1,0,0,0,4,2,0,17,4,2
Vanessa_atalanta,0,0,0,0,3,2,0,0,25,0
Vanessa_cardui,4,0,0,0,0,1,0,0,3,22
